name,optional_prefix,optional_suffix,optional_name,iso3,iso2,fips,capital,region,subregion,demonym,population,area_sq_km,latitude,longitude,gdp
Afghanistan,the Islamic Emirate of,,,AFG,AF,AF,Kabul,Asia,Southern Asia,Afghan,43844000,647500,3300000000,6500000000,
Åland,the,Islands,,ALA,AX,AX,Mariehamn,Europe,Northern Europe,Ålandic or Ålandish,30654,1580,6011666700,1990000000,
Albania,the Republic of,,,ALB,AL,AL,Tirana,Europe,Southern Europe,Albanian ,2335930,28748,4100000000,2000000000,28372
Algeria,the People's Democratic Republic of,,,DZA,DZ,AG,Algiers,Africa,Northern Africa,Algerian,47400000,2381740,2800000000,300000000,268885
American Samoa,,,,ASM,AS,AQ,Pago Pago,Oceania,Polynesia,American Samoan,49710,199,-1433333333,-17000000000,
Andorra,the Principality of,,,AND,AD,AN,Andorra la Vella,Europe,Southern Europe,Andorran,89484,468,4250000000,150000000,4035
Angola,the Republic of,,,AGO,AO,AO,Luanda,Africa,Middle Africa,Angolan,38778554,1246700,-1250000000,1850000000,113343
Anguilla,,,,AIA,AI,AV,The Valley,Americas,Caribbean,Anguillan,16010,102,1825000000,-6316666666,
Antarctica,,,,ATA,AQ,AY,#N/A,Polar,#N/A,Antarctic,2000,14200000,-7465000000,448000000,
Antigua and Barbuda,,,,ATG,AG,AC,St. John's,Americas,Caribbean,Antiguan or Barbudan,103603,443,1705000000,-6180000000,2373
Argentina,,,the Argentine Republic,ARG,AR,AR,Buenos Aires,Americas,South America,Argentine,46387098,2766890,-3400000000,-6400000000,683533
Armenia,the Republic of,,,ARM,AM,AM,Yerevan,Asia,Western Asia,Armenian,3096900,29800,4000000000,4500000000,26258
Aruba,the Country of,,,ABW,AW,AA,Oranjestad,Americas,Caribbean,Aruban,110625,193,1250000000,-6996666666,4100
Australia,the Commonwealth of,,,AUS,AU,AS,Canberra,Oceania,Australia and New Zealand,Australian,27801023,7686850,-2700000000,13300000000,1771681
Austria,the Republic of,,,AUT,AT,AU,Vienna,Europe,Western Europe,Austrian,9220882,83858,4733333333,1333333333,534301
Azerbaijan,the Republic of,,,AZE,AZ,AJ,Baku,Asia,Western Asia,Azerbaijani,10266627,86600,,,
The Bahamas,the Commonwealth of,,,BHS,BS,BF,Nassau,Americas,Caribbean,Bahamian,398165,13940,2425000000,-7600000000,
Bahrain,the Kingdom of,,,BHR,BH,BA,Manama,Asia,Western Asia,Bahraini,1603260,665,2600000000,5055000000,47829
Bangladesh,the People's Republic of,,,BGD,BD,BG,Dhaka,Asia,Southern Asia,Bangladeshi,169828911,144000,2400000000,9000000000,467218
Barbados,,,,BRB,BB,BB,Bridgetown,Americas,Caribbean,Barbadian,261692,431,1316666666,-5953333333,7552
Belarus,the Republic of,,,BLR,BY,BO,Minsk,Europe,Eastern Europe,Belarusian,9056080,207600,5300000000,2800000000,71561
Belgium,the Kingdom of,,,BEL,BE,BE,Brussels,Europe,Western Europe,Belgian,11936546,30510,5083333333,400000000,684864
Belize,,,,BLZ,BZ,BH,Belmopan,Americas,Central America,Belizean,417634,22966,1725000000,-8875000000,3611
Benin,the Republic of,,,BEN,BJ,BN,Porto-Novo,Africa,Western Africa,Beninese,13224860,114763,,,
Bermuda,,,,BMU,BM,BD,Hamilton,Americas,Northern America,Bermudian,64055,53,,,
Bhutan,the Kingdom of,,,BTN,BT,BT,Thimphu,Asia,Southern Asia,Bhutanese,784043,47000,2750000000,9050000000,3422
Bolivia,the Plurinational State of,,,BOL,BO,BL,Sucre,Americas,South America,Bolivian,11365333,1098580,-1700000000,-6500000000,56339
"Bonaire, Sint Eustasius and Saba",,,the Carribean Netherlands,BES,BQ,NT,#N/A,Americas,Caribbean,#N/A,31980,328,1215000000,-6826666700,
Bosnia and Herzegovina,,,Bosnia-Herzegovina,BIH,BA,BK,Sarajevo,Europe,Southern Europe,Bosnian or Herzegovinian,3412000,51129,4400000000,1800000000,28807
Botswana,the Republic of,,,BWA,BW,BC,Gaborone,Africa,Southern Africa,Batswana or Motswana,2359609,581730,,,
Bouvet Island,,,,BVT,BV,BV,#N/A,#N/A,#N/A,Bouvet Island,0,49,-5443333333,340000000,
Brazil,the Federative Republic of,,,BRA,BR,BR,Brasília,Americas,South America,Brazilian,213421037,8511965,-1000000000,-5500000000,2125958
the British Indian Ocean Territory,,,,IOT,IO,IO,Diego Garcia,Africa,Eastern Africa,#N/A,6,60,-600000000,7150000000,
the British Virgin Islands,,,the Virgin Islands,VGB,VG,VI,Road Town,Americas,Caribbean,Virgin Islander,39471,153,1843138300,-6462305000,
Brunei,,Darussalam,,BRN,BN,BX,Bandar Seri Begawan,Asia,South-Eastern Asia,Bruneian,458600,5770,450000000,11466666666,16007
Bulgaria,the Republic of,,,BGR,BG,BU,Sofia,Europe,Eastern Europe,Bulgarian,6423207,110910,4300000000,2500000000,117007
Burkina Faso,,,,BFA,BF,UV,Ouagadougou,Africa,Western Africa,Burkinabé,24070553,274200,1300000000,-200000000,27056
Burundi,the Republic of,,,BDI,BI,BY,Bujumbura,Africa,Eastern Africa,Burundian,12332788,27830,-350000000,3000000000,6745
Cabo Verde,the Republic of,,Cape Verde,CPV,CV,CV,Praia,Africa,Western Africa,Cape Verdean,491233,4033,1600000000,-2400000000,2786
Cambodia,the Kingdom of,,,KHM,KH,CB,Phnom Penh,Asia,South-Eastern Asia,Cambodian,17577760,181040,1300000000,10500000000,49799
Cameroon,the Republic of,,,CMR,CM,CM,Yaoundé,Africa,Middle Africa,Cameroonian,29442327,475440,600000000,1200000000,56011
Canada,,,,CAN,CA,CA,Ottawa,Americas,Northern America,Canadian,41417056,9984670,6000000000,-9500000000,2225341
the Cayman Islands,,,,CYM,KY,CJ,George Town,Americas,Caribbean,Caymanian,88833,262,1950000000,-8050000000,
the Central African Republic,,,,CAF,CF,CT,Bangui,Africa,Middle Africa,Central African,6470307,622984,700000000,2100000000,2932
Chad,the Republic of ,,,TCD,TD,CD,N'Djamena,Africa,Middle Africa,Chadian,20031602,1284000,1500000000,1900000000,18792
Chile,the Republic of,,,CHL,CL,CI,Santiago,Americas,South America,Chilean,20206953,756950,-3000000000,-7100000000,343823
China,the People's Republic of,,,CHN,CN,CH,Beijing,Asia,Eastern Asia,Chinese,1404890000,9596960,3500000000,10500000000,19231705
Christmas Island,the Territory of,,,CXR,CX,KT,Flying Fish Cove,Oceania,Australia and New Zealand,Christmas Islander,1692,135,-1050000000,10566666666,
the Cocos (Keeling) Islands,the Territory of,,the Cocos Islands or the Keeling Islands,CCK,CC,CK,West Island,Oceania,Australia and New Zealand,Cocos Islander,593,14,-1250000000,9683333333,
Colombia,the Republic of,,,COL,CO,CO,Bogotá,Americas,South America,Colombian,53057212,1138910,400000000,-7200000000,427766
the Comoros,the Union of,,,COM,KM,CN,Moroni,Africa,Eastern Africa,Comorian,944388,2235,,,
Congo,the Republic of the,,Congo-Brazzaville or the Congo Republic,COG,CG,CF,Brazzaville,Africa,Middle Africa,Congolese,6142180,342000,-100000000,1500000000,15281
the Cook Islands,,,,COK,CK,CW,Avarua,Oceania,Polynesia,Cook Islander,15040,240,-2123333333,-15976666666,
Costa Rica,the Republic of,,,CRI,CR,CS,San José,Americas,Central America,Costa Rican,5191824,51100,1000000000,-8400000000,102591
Croatia,the Republic of,,,HRV,HR,HR,Zagreb,Europe,Southern Europe,Croatian,3866233,56542,4516666666,1550000000,98951
Cuba,the Republic of,,,CUB,CU,CU,Havana,Americas,Caribbean,Cuban,9748007,110860,2150000000,-8000000000,
Curaçao,the Country of,,,CUW,CW,UC,Willemstad,Americas,Caribbean,Curaçaoan,156115,444,1211666700,-6893333300,
Cyprus,the Republic of,,,CYP,CY,CY,Nicosia,Europe,Southern Europe,Cypriot,983000,9250,3500000000,3300000000,38736
the Czech Republic,,,Czechia,CZE,CZ,EZ,Prague,Europe,Eastern Europe,Czech,10896003,78866,4975000000,1550000000,360244
the Democratic Republic of the Congo,,,DR Congo or Congo-Kinshasa,COD,CD,CG,Kinshasa,Africa,Middle Africa,Congolese,112832000,2345410,0,2500000000,79119
Denmark,,,,DNK,DK,DA,Copenhagen,Europe,Northern Europe,Danish,6031992,43094,5600000000,1000000000,449940
Djibouti,the Republic of,,,DJI,DJ,DJ,Djibouti City,Africa,Eastern Africa,Djiboutian,1066809,23000,1150000000,4300000000,4587
Dominica,the Commonwealth of,,,DMA,DM,DO,Roseau,Americas,Caribbean,Dominican,65512,754,1541666666,-6133333333,742
the Dominican Republic,,,,DOM,DO,DR,Santo Domingo,Americas,Caribbean,Dominican,10771504,48730,1900000000,-7066666666,127828
Ecuador,the Republic of,,,ECU,EC,EC,Quito,Americas,South America,Ecuadorian,18103660,283560,-200000000,-7750000000,125677
Egypt,the Arab Republic of,,,EGY,EG,EG,Cairo,Africa,Northern Africa,Egyptian,108613296,1001450,2700000000,3000000000,347342
El Salvador,the Republic of ,,,SLV,SV,ES,San Salvador,Americas,Central America,Salvadoran,6029976,21040,1383333333,-8891666666,36749
Equatorial Guinea,the Republic of,,,GNQ,GQ,EK,Ciudad de la Paz,Africa,Middle Africa,Equatorial Guinean,1668768,28050,,,
Eritrea,the State of,,,ERI,ER,ER,Asmara,Africa,Eastern Africa,Eritrean,3607000,121320,1500000000,3900000000,
Estonia,the Republic of,,,EST,EE,EN,Tallinn,Europe,Northern Europe,Estonian,1360745,45226,5900000000,2600000000,45004
Eswatini,the Kingdom of,,Swaziland or the Kingdom of Swaziland,SWZ,SZ,WZ,Mbabane,Africa,Southern Africa,Swazi,1235549,17363,-2650000000,3150000000,5483
Ethiopia,the Federal Democratic Republic of,,,ETH,ET,ET,Addis Ababa,Africa,Eastern Africa,Ethiopian,111652998,1127127,800000000,3800000000,117457
the Falkland Islands,,,the Falklands,FLK,FK,FK,Stanley,Americas,South America,Falkland Islander,3662,12173,-5175000000,-5900000000,
the Faroe Islands,,,the Faroes,FRO,FO,FO,Tórshavn,Europe,Northern Europe,Faroese,55348,1399,6200000000,-700000000,
Fiji,the Republic of,,the Fiji Islands,FJI,FJ,FJ,Suva,Oceania,Melanesia,Fijian,902623,18270,-1800000000,17500000000,6257
Finland,the Republic of,,,FIN,FI,FI,Helsinki,Europe,Northern Europe,Finnish,5651171,337030,6400000000,2600000000,303945
France,,,the French Republic,FRA,FR,FR,Paris,Europe,Western Europe,French,69081996,547030,4600000000,200000000,3211292
French Guiana,,,Guyane,GUF,GF,FG,Cayenne,Americas,South America,French Guianese,298554,91000,400000000,-5300000000,
French Polynesia,,,,PYF,PF,FP,Papeete,Oceania,Polynesia,French Polynesian,279500,4167,-1500000000,-14000000000,
the French Southern and Antarctic Lands,,,the French Southern Lands or the French Southern Territories or the Kerguelen Islands,ATF,TF,FS,Port-aux-Francais,Africa,Southern Africa,French Southern Territories,500,7666,-4925000000,6916700000,
Gabon,,,the Gabonese Republic,GAB,GA,GB,Libreville,Africa,Middle Africa,Gabonese,2469296,267667,-100000000,1175000000,20391
The Gambia,the Republic of,,,GMB,GM,GA,Banjul,Africa,Western Africa,Gambian,2442712,11300,1346666666,-1656666666,2771
Georgia,,,,GEO,GE,GG,Tbilisi,Asia,Western Asia,Georgian,3941100,69700,4200000000,4350000000,35353
Germany,the Federal Republic of,,,DEU,DE,GM,Berlin,Europe,Western Europe,German,83467117,357021,5100000000,900000000,4744804
Ghana,the Republic of,,,GHA,GH,GH,Accra,Africa,Western Africa,Ghanaian,33742380,239460,800000000,-200000000,88332
Gibraltar,,,,GIB,GI,GI,Gibraltar,Europe,Southern Europe,Gibraltarian,38196,6,3613333333,-535000000,
Greece,,,the Hellenic Republic,GRC,GR,GR,Athens,Europe,Southern Europe,Greek or Hellene,10372335,131957,,,
Greenland,,,,GRL,GL,GL,Nuuk,Americas,Northern America,Greenlandic,56740,2166086,7200000000,-4000000000,
Grenada,,,,GRD,GD,GJ,St. George's,Americas,Caribbean,Grenadian,109021,344,1211666666,-6166666666,1464
Guadeloupe,,,,GLP,GP,GP,Basse-Terre,Americas,Caribbean,Guadeloupean,378561,1780,1625000000,-6158333300,
Guam,,,,GUM,GU,GQ,Hagåtña,Oceania,Micronesia,Guamanian,153836,540,,,
Guatemala,the Republic of,,,GTM,GT,GT,Guatemala City,Americas,Central America,Guatemalan,18312373,108890,1550000000,-9025000000,121177
Guernsey,the Bailiwick of,,,GGY,GG,GK,Saint Peter Port,Europe,Northern Europe,Giernésiais or Giernésiaise,64781,78,4946666666,-258333333,
Guinea,the Republic of,,Guinea-Conakry,GIN,GN,GV,Conakry,Africa,Western Africa,Guinean,17521167,245857,1100000000,-1000000000,30094
Guinea-Bissau,the Republic of,,,GNB,GW,PU,Bissau,Africa,Western Africa,Bissau-Guinean,1852784,36120,1200000000,-1500000000,2274
Guyana,the Co-operative Republic of,,,GUY,GY,GY,Georgetown,Americas,South America,Guyanese,956044,214970,500000000,-5900000000,25822
Haiti,the Republic of,,,HTI,HT,HA,Port-au-Prince,Americas,Caribbean,Haitian,11867032,27750,1900000000,-7241666666,33548
Heard Island and McDonald,the,Islands,,HMD,HM,HM,#N/A,#N/A,#N/A,#N/A,0,6589,-5310000000,7251666666,
the Holy See,,,the See of Rome or the Pertine See or the Apostolic See,VAT,VA,VT,Vatican City,Europe,Southern Europe,Vatican,882,0,4190000000,1245000000,
Honduras,the Republic of,,,HND,HN,HO,Tegucigalpa,Americas,Central America,Honduran,10186738,112090,1500000000,-8650000000,38172
Hong Kong,, S.A.R.,,HKG,HK,HK,Hong Kong,Asia,Eastern Asia,HongKonger,7510800,2754,,,
Hungary,,,,HUN,HU,HU,Budapest,Europe,Eastern Europe,Hungarian,9489000,93030,,,
Iceland,,,,ISL,IS,IC,Reykjavík,Europe,Northern Europe,Icelander,395050,103000,6500000000,-1800000000,35309
India,the Republic of,,,IND,IN,IN,New Delhi,Asia,Southern Asia,Indian,1429404000,3287590,2000000000,7700000000,4187017
Indonesia,the Republic of,,,IDN,ID,ID,Jakarta,Asia,South-Eastern Asia,Indonesian,288315089,1919440,-500000000,12000000000,1429743
Iran,the Islamic Republic of,,,IRN,IR,IR,Tehran,Asia,Southern Asia,Iranian,87134000,1648195,,,
Iraq,the Republic of,,,IRQ,IQ,IZ,Baghdad,Asia,Western Asia,Iraqi,46118793,437072,3300000000,4400000000,258020
Ireland,the Republic of,,,IRL,IE,EI,Dublin,Europe,Northern Europe,Irish,5458600,70280,5300000000,-800000000,598840
Isle of Man,,,Man or Mann,IMN,IM,IM,Douglas,Europe,Northern Europe,Manx,84523,574,,,
Israel,the State of,,,ISR,IL,IS,Jerusalem,Asia,Western Asia,Israeli,10252800,20770,3150000000,3475000000,583361
Italy,,,the Italian Republic,ITA,IT,IT,Rome,Europe,Southern Europe,Italian,58936123,301230,4283333333,1283333333,2422855
Ivory Coast,the Republic of,,the Republic of Côte d'Ivoire,CIV,CI,IV,Yamoussoukro,Africa,Western Africa,Ivorian,32494020,322460,800000000,-500000000,94483
Jamaica,,,,JAM,JM,JM,Kingston,Americas,Caribbean,Jamaican,2774538,10991,1825000000,-7750000000,21411
Japan,,,,JPN,JP,JA,Tokyo,Asia,Eastern Asia,Japanese,122850000,377835,3600000000,13800000000,4186431
Jersey,the Bailiwick of,,,JEY,JE,JE,Saint Helier,Europe,Northern Europe,Islanders,103267,116,4925000000,-216666666,
Jordan,the Hashemite Kingdom of,,,JOR,JO,JO,Amman,Asia,Western Asia,Jordanian,11937000,92300,3100000000,3600000000,56102
Kazakhstan,the Republic of ,,,KAZ,KZ,KZ,Astana,Asia,Central Asia,Kazakhstani,20575979,2724910,,,
Kenya,the Republic of ,,,KEN,KE,KE,Nairobi,Africa,Eastern Africa,Kenyan,53330978,582650,100000000,3800000000,131673
Kiribati,the Republic of ,,,KIR,KI,KR,Tarawa,Oceania,Micronesia,I-Kiribati,120740,811,141666666,17300000000,312
Kosovo,the Republic of ,,,XKX,XK,KV,Pristina,Europe,Eastern Europe,Kosovar,1585566,10877,,,
Kuwait,the State of,,,KWT,KW,KU,Kuwait City,Asia,Western Asia,Kuwaiti,4881254,17820,2950000000,4575000000,153101
Kyrgyzstan,,,the Kyrgyz Republic or Kirghizia,KGZ,KG,KG,Bishkek,Asia,Central Asia,Kyrgyzstani,7404300,200105,,,
Laos,,,the Lao People's Democratic Republic,LAO,LA,LA,Vientiane,Asia,South-Eastern Asia,Lao,7745000,236800,,,
Latvia,the Republic of ,,,LVA,LV,LG,Riga,Europe,Northern Europe,Latvian,1835200,64589,5700000000,2500000000,45535
Lebanon,,,the Lebanese Republic,LBN,LB,LE,Beirut,Asia,Western Asia,Lebanese,5895466,10400,3383333333,3583333333,
Lesotho,the Kingdom of,,,LSO,LS,LT,Maseru,Africa,Southern Africa,Mosotho or Basotho,2116427,30355,-2950000000,2850000000,2404
Liberia,the Republic of ,,,LBR,LR,LI,Monrovia,Africa,Western Africa,Liberian,5248621,111370,650000000,-950000000,5166
Libya,the State of,,,LBY,LY,LY,Tripoli,Africa,Northern Africa,Libyan,7459000,1759540,2500000000,1700000000,47484
Liechtenstein,the Principality of,,,LIE,LI,LS,Vaduz,Europe,Western Europe,Liechtensteiner,41237,160,4726666666,953333333,
Lithuania,the Republic of ,,,LTU,LT,LH,Vilnius,Europe,Northern Europe,Lithuanian,2886179,65200,5600000000,2400000000,89192
Luxembourg,the Grand Duchy of,,,LUX,LU,LU,Luxembourg,Europe,Western Europe,Luxembourger,690959,2586,,,
Macau,,,Macao,MAC,MO,MC,Macau,Asia,Eastern Asia,Macau people,688100,119,,,
Madagascar,the Republic of ,,,MDG,MG,MA,Antananarivo,Africa,Eastern Africa,Malagasy,31727042,587040,-2000000000,4700000000,18708
Malawi,the Republic of ,,,MWI,MW,MI,Lilongwe,Africa,Eastern Africa,Malawian,20734262,118480,-1350000000,3400000000,13959
Malaysia,,,,MYS,MY,MY,Kuala Lumpur,Asia,South-Eastern Asia,Malaysian,34374300,329750,250000000,11250000000,444984
Maldives,the Republic of ,,the Maldive Islands,MDV,MV,MV,Malé,Asia,Southern Asia,Maldivian,515132,300,325000000,7300000000,7480
Mali,the Republic of ,,,MLI,ML,ML,Bamako,Africa,Western Africa,Malian,22395489,1240192,,,
Malta,the Republic of ,,,MLT,MT,MT,Valletta,Europe,Southern Europe,Maltese,574250,316,3583333333,1458333333,25750
the Marshall Islands,the Republic of,,,MHL,MH,RM,Majuro,Oceania,Micronesia,Marshallese,42418,181,900000000,16800000000,297
Martinique,,,,MTQ,MQ,MB,Fort-de-France,Americas,Caribbean,Martinician,349925,1128,,,
Mauritania,the Islamic Republic of,,,MRT,MR,MR,Nouakchott,Africa,Western Africa,Mauritanian,4927532,1030700,2000000000,-1200000000,11470
Mauritius,the Republic of ,,,MUS,MU,MP,Port Louis,Africa,Eastern Africa,Mauritian,1241856,2040,-2028333333,5755000000,15495
Mayotte,the Department of,,,MYT,YT,MF,Mamoudzou,Africa,Eastern Africa,Mahoran,320901,374,-1283333333,4516666666,
Mexico,,,the United Mexican States,MEX,MX,MX,Mexico City,Americas,Northern America,Mexican,131150866,1972550,2300000000,-10200000000,1692640
Micronesia,the Federated States of,,,FSM,FM,FM,Palikir,Oceania,Micronesia,Micronesian,75817,702,691666666,15825000000,500
Moldova,the Republic of ,,,MDA,MD,MD,Chișinău,Europe,Eastern Europe,Moldovan,2365600,33843,4700000000,2900000000,19462
Monaco,the Principality of,,,MCO,MC,MN,Monaco,Europe,Western Europe,Monégasque,38857,2084,,,
Mongolia,,,,MNG,MN,MG,Ulaanbataar,Asia,Eastern Asia,Mongolian,3591120,1565000,4600000000,10500000000,25804
Montenegro,,,,MNE,ME,MJ,Podgorica,Europe,Southern Europe,Montenegrin,622902,14026,4250000000,1930000000,8562
Montserrat,,,,MSR,MS,MH,Plymouth,Americas,Caribbean,Montserratian,4386,102,1675000000,-6220000000,
Morocco,the Kingdom of,,,MAR,MA,MO,Rabat,Africa,Northern Africa,Moroccan,36828330,446550,3200000000,-500000000,165835
Mozambique,the Republic of ,,,MOZ,MZ,MZ,Maputo,Africa,Eastern Africa,Mozambican,34090466,801590,-1825000000,3500000000,23771
Myanmar,the Republic of the Union of,,Burma,MMR,MM,BM,Naypyidaw,Asia,South-Eastern Asia,Burmese,51375327,678500,2200000000,9800000000,64944
Namibia,the Republic of ,,,NAM,NA,WA,Windhoek,Africa,Southern Africa,Namibian,3022401,825418,-2200000000,1700000000,14214
Nauru,the Republic of ,,,NRU,NR,NR,Yaren,Oceania,Micronesia,Nauruan,11680,21,-53333333,16691666666,169
Nepal,the Federal Democratic Republic of,,,NPL,NP,NP,Kathmandu,Asia,Southern Asia,Nepali,29911840,147181,,,
the Netherlands,the Kingdom of,,,NLD,NL,NL,Amsterdam,Europe,Western Europe,Dutch,18151406,41865,,,
New Caledonia,,,,NCL,NC,NC,Nouméa,Oceania,Melanesia,New Caledonian,264596,19060,-2150000000,16550000000,
New Zealand,,,,NZL,NZ,NZ,Wellington,Oceania,Australia and New Zealand,New Zealander,5361300,263310,,,
Nicaragua,the Republic of ,,,NIC,NI,NU,Managua,Americas,Central America,Nicaraguan,6874748,129494,1300000000,-8500000000,21155
Niger,the Republic of the,,,NER,NE,NG,Niamey,Africa,Western Africa,Nigerien,27522750,1267000,1600000000,800000000,21874
Nigeria,the Federal Republic of,,,NGA,NG,NI,Abuja,Africa,Western Africa,Nigerian,223800000,923768,1000000000,800000000,188271
Niue,,,,NIU,NU,NE,Alofi,Oceania,Polynesia,Niuean,1681,260,-1903333333,-16986666666,
Norfolk Island,the Territory of,,,NFK,NF,NF,Kingston,Oceania,Australia and New Zealand,Norfolk Island,2188,34,-2903333333,16795000000,
North Korea,,,the Democratic People's Republic of Korea,PRK,KP,KN,Pyongyang,Asia,Eastern Asia,North Korean,25950000,120540,4000000000,12700000000,
North Macedonia,the Republic of ,,,MKD,MK,MK,Skopje,Europe,Southern Europe,Macedonian,1819074,25333,4183333333,2200000000,17885
the Northern Mariana Islands,the Commonwealth of,,,MNP,MP,CQ,Saipan,Oceania,Micronesia,Northern Mariana Islander,47329,477,1520000000,14575000000,
Norway,the Kingdom of,,,NOR,NO,NO,Oslo,Europe,Northern Europe,Norwegian,5633770,324220,6200000000,1000000000,504276
Oman,the Sultanate of,,,OMN,OM,MU,Muscat,Asia,Western Asia,Omani,5291146,212460,2100000000,5700000000,104351
Pakistan,the Islamic Republic of,,,PAK,PK,PK,Islamabad,Asia,Southern Asia,Pakistani,241499431,803940,3000000000,7000000000,
Palau,the Republic of ,,,PLW,PW,PS,Ngerulmud,Oceania,Micronesia,Palauan,16733,458,750000000,13450000000,333
Palestine,the State of,,the Palestinian territories or the occupied Palestinian territory,PSE,PS,#N/A,East Jerusalem,Asia,Western Asia,Palestinian,5557096,5970,3190000000,3520000000,
Panama,the Republic of ,,,PAN,PA,PM,Panama City,Americas,Central America,Panamanian,4064780,78200,900000000,-8000000000,91675
Papua New Guinea,the Independent State of ,,,PNG,PG,PP,Port Moresby,Oceania,Melanesia,Papua New Guinean,10185363,462840,,,
Paraguay,the Republic of ,,,PRY,PY,PA,Asunción,Americas,South America,Paraguayan,6109644,406750,-2300000000,-5800000000,45465
Peru,the Republic of ,,,PER,PE,PE,Lima,Americas,South America,Peruvian,34350244,1285220,-1000000000,-7600000000,303293
the Philippines,,,the Republic of the Philippines,PHL,PH,RP,Manila,Asia,South-Eastern Asia,Philippine,114123600,300000,,,
Pitcairn,the,Islands,"the Pitcairn, Henderson, Ducie and Oeno Islands",PCN,PN,PC,Adamstown,Oceania,Polynesia,Pitcairn Islanders,35,47,-2506666666,-13010000000,
Poland,the Republic of ,,,POL,PL,PL,Warsaw,Europe,Eastern Europe,Polish,37281000,312685,5200000000,2000000000,979960
Portugal,,,the Portuguese Republic,PRT,PT,PO,Lisbon,Europe,Southern Europe,Portuguese,11424031,92391,3950000000,-800000000,321440
Puerto Rico,the Commonwealth of,,,PRI,PR,RQ,San Juan,Americas,Caribbean,Puerto Rican,3184835,9104,1825000000,-6650000000,122522
Qatar,the State of,,,QAT,QA,QA,Doha,Asia,Western Asia,Qatari,3370611,11437,2550000000,5125000000,222776
Réunion,,,,REU,RE,RE,Saint-Denis,Africa,Eastern Africa,Réunionese,910985,2511,,,
Romania,,,,ROU,RO,RO,Bucharest,Europe,Eastern Europe,Romanian,19036031,237500,4600000000,2500000000,403395
Russia,,,the Russian Federation,RUS,RU,RS,Moscow,Europe,Eastern Europe,Russian,146028325,17100000,6000000000,10000000000,2076396
Rwanda,the Republic of ,,,RWA,RW,RW,Kigali,Africa,Eastern Africa,Rwandan,14418145,26338,-200000000,3000000000,14771
"Saint Helena, Ascension and Tristan da Cunha",,,Saint Helena,SHN,SH,SH,Jamestown,Africa,Western Africa,#N/A,5651,410,-1595000000,-570000000,
Saint Kitts and Nevis,,,the Federation of Christopher and Nevis,KNA,KN,SC,Basseterre,Americas,Caribbean,Kittitian or Nevisian,51320,261,1733333333,-6275000000,1129
Saint Lucia,,,,LCA,LC,ST,Castries,Americas,Caribbean,Saint Lucian,184100,616,1388333333,-6096666666,2632
Saint Martin,the Collectivity of,(French part),,MAF,MF,RN,Marigot,Americas,Caribbean,Saint-Martinoise,31496,53,1808333333,-6395000000,
Saint Pierre and Miquelon,the Territorial Collectivity of,,,SPM,PM,SB,Saint-Pierre,Americas,Northern America,Saint-Pierrais or Miquelonnais,5819,242,4683333333,-5633333333,
Saint Vincent and the Grenadines,,,Saint Vincent,VCT,VC,VC,Kingstown,Americas,Caribbean,Vincentian or Grenadinian,109296,389,,,
Saint-Barthélemy,the Territorial Collectivity of,,St. Barts or St. Barths or St. Barth,BLM,BL,TB,Gustavia,Americas,Caribbean,Barthélemois,10562,21,1850000000,-6341666666,
Samoa,the Independent State of ,,,WSM,WS,WS,Apia,Oceania,Polynesia,Samoan,205557,2944,-1358333333,-17233333333,1160
San Marino,the Republic of ,,,SMR,SM,SM,San Marino,Europe,Southern Europe,Sammarinese,34159,61,4376666666,1241666666,2047
São Tomé and Príncipe,the Democratic Republic of,,,STP,ST,TP,São Tomé,Africa,Middle Africa,São Toméan,209607,1001,100000000,700000000,864
Saudi Arabia,the Kingdom of,,,SAU,SA,SA,Riyadh,Asia,Western Asia,Saudi,35300280,2149690,,,
Senegal,the Republic of ,,,SEN,SN,SG,Dakar,Africa,Western Africa,Senegalese,19075959,196190,1400000000,-1400000000,34728
Serbia,the Republic of ,,,SRB,RS,RB,Belgrade,Europe,Southern Europe,Serbian,6532019,88361,4400000000,2100000000,92549
Seychelles,the Republic of ,,,SYC,SC,SE,Victoria,Africa,Eastern Africa,Seychellois,123097,455,-465749770,5545401460,2198
Sierra Leone,the Republic of ,,,SLE,SL,SL,Freetown,Africa,Western Africa,Sierra Leonean,9077691,71740,850000000,-1150000000,8386
Singapore,the Republic of ,,,SGP,SG,SN,Singapore,Asia,South-Eastern Asia,Singaporean,6110200,692,136666666,10380000000,564774
Sint Maarten,,(Dutch part),,SXM,SX,NN,Philipsburg,Americas,Caribbean,Sint Maarten,41349,21,1803333300,-6305000000,
Slovakia,,,the Slovak Republic,SVK,SK,LO,Bratislava,Europe,Eastern Europe,Slovak,5405368,48845,4866666666,1950000000,147031
Slovenia,the Republic of ,,,SVN,SI,SI,Ljubljana,Europe,Southern Europe,Slovenian,2135107,20272,,,
the Solomon Islands,,,the Solomons,SLB,SB,BP,Honiara,Oceania,Melanesia,Solomon Islander or Solomonese,750325,28450,-800000000,15900000000,1898
Somalia,the Federal Republic of,,,SOM,SO,SO,Mogadishu,Africa,Eastern Africa,Somali,19655000,637657,,,
South Africa,the Republic of ,,,ZAF,ZA,SF,Pretoria,Africa,Southern Africa,South African,63100945,1219912,-2900000000,2400000000,410338
the South Georgia and the South Sandwich Islands,,,South Georgia,SGS,GS,SX,King Edward Point,Americas,South America,South Georgian or South Sandwich Islander,20,3903,-5450000000,-3700000000,
South Korea,,,the Republic of Korea,KOR,KR,KS,Seoul,Asia,Eastern Asia,South Korean,51097986,98480,3700000000,12750000000,1790322
South Sudan,the Republic of ,,,SSD,SS,OD,Juba,Africa,Middle Africa,South Sudanese,15786898,644329,700000000,3000000000,3998
Spain,the Kingdom of,,,ESP,ES,SP,Madrid,Europe,Southern Europe,Spanish,49687120,504782,4000000000,-400000000,1799511
Sri Lanka,the Democratic Socialist Republic of,,,LKA,LK,CE,Colombo,Asia,Southern Asia,Sri Lankan,21781800,65610,700000000,8100000000,
Sudan,the Republic of the,,,SDN,SD,SU,Khartoum,Africa,Northern Africa,Sudanese,51662000,1861484,1500000000,3000000000,31506
Suriname,the Republic of ,,,SUR,SR,NS,Paramaribo,Americas,South America,Surinamese,616500,163270,400000000,-5600000000,4506
Svalbard and Jan Mayen,the ,Islands,,SJM,SJ,SV,Longyearbyen,Europe,Northern Europe,Svalbard,2881,61399,7800000000,2000000000,
Sweden,the Kingdom of,,,SWE,SE,SW,Stockholm,Europe,Northern Europe,Swedish,10608128,449964,6200000000,1500000000,620297
Switzerland,,,the Swiss Confederation,CHE,CH,SZ,Bern,Europe,Western Europe,Swiss,9139676,41290,4700000000,800000000,947125
Syria,,,the Syrian Arab Republic,SYR,SY,SY,Damascus,Asia,Western Asia,Syrian,26472497,185180,3500000000,3800000000,
Taiwan,,(Province of China),the Republic of China,TWN,TW,TW,Taipei,Asia,Eastern Asia,Taiwanese,23243565,36197,,,
Tajikistan,the Republic of ,,,TJK,TJ,TI,Dushanbe,Asia,Central Asia,Tajikistani,10721000,143100,3900000000,7100000000,14836
Tanzania,the United Republic of,,,TZA,TZ,TZ,Dodoma,Africa,Eastern Africa,Tanzanian,68153004,945087,-600000000,3500000000,85977
Thailand,the Kingdom of,,,THA,TH,TH,Bangkok,Asia,South-Eastern Asia,Thai,65706765,514000,1500000000,10000000000,546224
Timor-Leste,the Democratic Republic of,,East Timor,TLS,TL,TT,Dili,Asia,South-Eastern Asia,Timorese,1391221,15007,-883333333,12591666666,2115
Togo,,,the Togolese Republic,TGO,TG,TO,Lomé,Africa,Western Africa,Togolese,8095498,56785,800000000,116666666,10023
Tokelau,the,Islands,,TKL,TK,TL,#N/A,Oceania,Polynesia,Tokelauan,2691,10,-900000000,-17200000000,
Tonga,the Kingdom of,,,TON,TO,TN,Nuku'alofa,Oceania,Polynesia,Tongan,100179,748,-2000000000,-17500000000,568
Trinidad and Tobago,the Republic of ,,,TTO,TT,TD,Port of Spain,Americas,Caribbean,Trinidadian or Tobagonian,1367764,5128,1100000000,-6100000000,26467
Tunisia,the Republic of ,,,TUN,TN,TS,Tunis,Africa,Northern Africa,Tunisian,11972169,163610,3400000000,900000000,56291
Türkiye,the Republic of ,,Turkey,TUR,TR,TU,Ankara,Asia,Western Asia,Turkish,86092168,780580,3900000000,3500000000,1437406
Turkmenistan,,,,TKM,TM,TX,Ashgabat,Asia,Central Asia,Turkmen,7057841,488100,4000000000,6000000000,89054
Turks and Caicos,the,Islands,,TCA,TC,TK,Cockburn Town,Americas,Caribbean,Turks and Caicos Islander,50828,430,2175000000,-7158333333,
Tuvalu,,,,TUV,TV,TV,Funafuti,Oceania,Polynesia,Tuvaluan,10643,26,-800000000,17800000000,65
Uganda,the Republic of ,,,UGA,UG,UG,Kampala,Africa,Eastern Africa,Ugandan,45905417,236040,100000000,3200000000,64277
Ukraine,,,,UKR,UA,UP,Kyiv,Europe,Eastern Europe,Ukrainian,28700000,603700,4900000000,3200000000,205742
the United Arab Emirates,,,the Emirates,ARE,AE,AE,Abu Dhabi,Asia,Western Asia,Emirati,11294243,83600,,,
the United Kingdom,,of Great Britain and Northern Ireland,the UK,GBR,GB,UK,London,Europe,Northern Europe,British,69487000,244376,,,
the United States,,of America,USA,USA,US,US,Washington D.C.,Americas,Northern America,American,341784857,9629091,3800000000,-9700000000,30507217
the United States Minor Outlying Islands,,,,UMI,UM,UM,#N/A,Americas,Northern America,American,300,49,0,0,
the United States Virgin Islands,,,the Virgin Islands of the United States,VIR,VI,VQ,Charlotte Amalie,Americas,Caribbean,U.S. Virgin Islander,87146,352,1834000000,-6493000000,
Uruguay,the Oriental Republic of,,,URY,UY,UY,Montevideo,Americas,South America,Uruguayan,3485931,176220,-3300000000,-5600000000,79731
Uzbekistan,the Republic of ,,,UZB,UZ,UZ,Tashkent,Asia,Central Asia,Uzbekistani,39047321,448978,,,
Vanuatu,the Republic of ,,,VUT,VU,NH,Port Vila,Oceania,Melanesia,Ni-Vanuatu,321409,12189,,,
Venezuela,the Bolivarian Republic of,,,VEN,VE,VE,Caracas,Americas,South America,Venezuelan,28517000,912050,800000000,-6600000000,108511
Vietnam,,,the Socialist Republic of Viet Nam,VNM,VN,VM,Hanoi,Asia,South-Eastern Asia,Vietnamese,102300000,329560,1616666666,10783333333,490970
Wallis and Futuna,the,Islands,the Territory of the Wallis and Futuna Islands,WLF,WF,WF,Mata Utu,Oceania,Polynesia,Wallisian or Futunan,11620,142,,,
Western Sahara,,,the Sahrawi Arab Democratic Republic or the Sahrawi Republic,ESH,EH,WI,Laayoune,Africa,Northern Africa,Sahrawi,600904,272000,,,
Yemen,the Republic of ,,,YEM,YE,YM,Sanaa,Asia,Western Asia,Yemeni,32684503,527970,1500000000,4800000000,17401
Zambia,the Republic of ,,,ZMB,ZM,ZA,Lusaka,Africa,Southern Africa,Zambian,19693423,752614,-1500000000,3000000000,28910
Zimbabwe,the Republic of ,,,ZWE,ZW,ZI,Harare,Africa,Eastern Africa,Zimbabwean,17073087,390757,-2000000000,3000000000,38172
