id;name;iso3;iso2;capital;population;region;subregion;nationality;area_sq_km;latitude;longitude;gdp
1;Afghanistan;AFG;AF;Kabul;43844000;Asia;Southern Asia;Afghan;647500;3300000000;6500000000;
2;Aland Islands;ALA;AX;Mariehamn;30654;Europe;Northern Europe;Aland Island;1580;6011666700;1990000000;
3;Albania;ALB;AL;Tirana;2363314;Europe;Southern Europe;Albanian ;28748;4100000000;2000000000;28372
4;Algeria;DZA;DZ;Algiers;47400000;Africa;Northern Africa;Algerian;2381740;2800000000;300000000;268885
5;American Samoa;ASM;AS;Pago Pago;49710;Oceania;Polynesia;American Samoan;199;-1433333333;-17000000000;
6;Andorra;AND;AD;Andorra la Vella;88306;Europe;Southern Europe;Andorran;468;4250000000;150000000;4035
7;Angola;AGO;AO;Luanda;36170961;Africa;Middle Africa;Angolan;1246700;-1250000000;1850000000;113343
8;Anguilla;AIA;AI;The Valley;16010;Americas;Caribbean;Anguillan;102;1825000000;-6316666666;
9;Antarctica;ATA;AQ;;;Polar;;Antarctic;14000000;-7465000000;448000000;
10;Antigua and Barbuda;ATG;AG;St. John's;103603;Americas;Caribbean;Antiguan or Barbudan;443;1705000000;-6180000000;2373
11;Argentina;ARG;AR;Buenos Aires;46735004;Americas;South America;Argentine;2766890;-3400000000;-6400000000;683533
12;Armenia;ARM;AM;Yerevan;3081100;Asia;Western Asia;Armenian;29800;4000000000;4500000000;26258
13;Aruba;ABW;AW;Oranjestad;107566;Americas;Caribbean;Aruban;193;1250000000;-6996666666;4100
14;Australia;AUS;AU;Canberra;27400013;Oceania;Australia and New Zealand;Australian;7686850;-2700000000;13300000000;1771681
15;Austria;AUT;AT;Vienna;9200931;Europe;Western Europe;Austrian;83858;4733333333;1333333333;534301
16;Azerbaijan;AZE;AZ;Baku;10241722;Asia;Western Asia;Azerbaijani, Azeri;86600;4050000000;4750000000;78870
18;Bahrain;BHR;BH;Manama;1594654;Asia;Western Asia;Bahraini;665;2600000000;5055000000;47829
19;Bangladesh;BGD;BD;Dhaka;169828911;Asia;Southern Asia;Bangladeshi;144000;2400000000;9000000000;467218
20;Barbados;BRB;BB;Bridgetown;267800;Americas;Caribbean;Barbadian;431;1316666666;-5953333333;7552
21;Belarus;BLR;BY;Minsk;9109280;Europe;Eastern Europe;Belarusian;207600;5300000000;2800000000;71561
22;Belgium;BEL;BE;Brussels;11825551;Europe;Western Europe;Belgian;30510;5083333333;400000000;684864
23;Belize;BLZ;BZ;Belmopan;417634;Americas;Central America;Belizean;22966;1725000000;-8875000000;3611
24;Benin;BEN;BJ;Porto-Novo;13224860;Africa;Western Africa;Beninese, Beninois;112620;950000000;225000000;22236
25;Bermuda;BMU;BM;Hamilton;64055;Americas;Northern America;Bermudian, Bermudan;53;3233333333;-6475000000;
26;Bhutan;BTN;BT;Thimphu;784043;Asia;Southern Asia;Bhutanese;47000;2750000000;9050000000;3422
27;Bolivia;BOL;BO;Sucre;11312620;Americas;South America;Bolivian;1098580;-1700000000;-6500000000;56339
155;Bonaire, Sint Eustatius and Saba;BES;BQ;Kralendijk;26552;Americas;Caribbean;Bonaire;328;1215000000;-6826666700;
28;Bosnia and Herzegovina;BIH;BA;Sarajevo;3422000;Europe;Southern Europe;Bosnian or Herzegovinian;51129;4400000000;1800000000;28807
29;Botswana;BWA;BW;Gaborone;2359609;Africa;Southern Africa;Motswana, Botswanan;600370;-2200000000;2400000000;19400
30;Bouvet Island;BVT;BV;;;;;Bouvet Island;49;-5443333333;340000000;
31;Brazil;BRA;BR;Brasilia;213421037;Americas;South America;Brazilian;8511965;-1000000000;-5500000000;2125958
32;British Indian Ocean Territory;IOT;IO;Diego Garcia;;Africa;Eastern Africa;BIOT;60;-600000000;7150000000;
33;Brunei;BRN;BN;Bandar Seri Begawan;455500;Asia;South-Eastern Asia;Bruneian;5770;450000000;11466666666;16007
34;Bulgaria;BGR;BG;Sofia;6437360;Europe;Eastern Europe;Bulgarian;110910;4300000000;2500000000;117007
35;Burkina Faso;BFA;BF;Ouagadougou;24070553;Africa;Western Africa;Burkinabe;274200;1300000000;-200000000;27056
36;Burundi;BDI;BI;Bujumbura;12332788;Africa;Eastern Africa;Burundian;27830;-350000000;3000000000;6745
37;Cambodia;KHM;KH;Phnom Penh;17577760;Asia;South-Eastern Asia;Cambodian;181040;1300000000;10500000000;49799
38;Cameroon;CMR;CM;Yaounde;29442327;Africa;Middle Africa;Cameroonian;475440;600000000;1200000000;56011
39;Canada;CAN;CA;Ottawa;41548787;Americas;Northern America;Canadian;9984670;6000000000;-9500000000;2225341
40;Cape Verde;CPV;CV;Praia;491233;Africa;Western Africa;Verdean;4033;1600000000;-2400000000;2786
41;Cayman Islands;CYM;KY;George Town;84738;Americas;Caribbean;Caymanian;262;1950000000;-8050000000;
42;Central African Republic;CAF;CF;Bangui;6470307;Africa;Middle Africa;Central African;622984;700000000;2100000000;2932
43;Chad;TCD;TD;N'Djamena;19340757;Africa;Middle Africa;Chadian;1284000;1500000000;1900000000;18792
44;Chile;CHL;CL;Santiago;20206953;Americas;South America;Chilean;756950;-3000000000;-7100000000;343823
45;China;CHN;CN;Beijing;1408280000;Asia;Eastern Asia;Chinese;9596960;3500000000;10500000000;19231705
46;Christmas Island;CXR;CX;Flying Fish Cove;1692;Oceania;Australia and New Zealand;Christmas Island;135;-1050000000;10566666666;
47;Cocos (Keeling) Islands;CCK;CC;West Island;593;Oceania;Australia and New Zealand;Cocos Island;14;-1250000000;9683333333;
48;Colombia;COL;CO;Bogotá;53057212;Americas;South America;Colombian;1138910;400000000;-7200000000;427766
49;Comoros;COM;KM;Moroni;870038;Africa;Eastern Africa;Comoran, Comorian;2170;-1216666666;4425000000;1548
50;Congo;COG;CG;Brazzaville;6142180;Africa;Middle Africa;Congolese;342000;-100000000;1500000000;15281
52;Cook Islands;COK;CK;Avarua;15040;Oceania;Polynesia;Cook Island;240;-2123333333;-15976666666;
53;Costa Rica;CRI;CR;San Jose;5309625;Americas;Central America;Costa Rican;51100;1000000000;-8400000000;102591
55;Croatia;HRV;HR;Zagreb;3866233;Europe;Southern Europe;Croatian;56542;4516666666;1550000000;98951
56;Cuba;CUB;CU;Havana;9748007;Americas;Caribbean;Cuban;110860;2150000000;-8000000000;
249;Curaçao;CUW;CW;Willemstad;156115;Americas;Caribbean;Curacaoan;444;1211666700;-6893333300;
57;Cyprus;CYP;CY;Nicosia;966400;Europe;Southern Europe;Cypriot;9250;3500000000;3300000000;38736
58;Czech Republic;CZE;CZ;Prague;10876875;Europe;Eastern Europe;Czech;78866;4975000000;1550000000;360244
51;Democratic Republic of the Congo;COD;CD;Kinshasa;112832000;Africa;Middle Africa;Congolese;2345410;0;2500000000;79119
59;Denmark;DNK;DK;Copenhagen;6004342;Europe;Northern Europe;Danish;43094;5600000000;1000000000;449940
60;Djibouti;DJI;DJ;Djibouti;1066809;Africa;Eastern Africa;Djiboutian;23000;1150000000;4300000000;4587
61;Dominica;DMA;DM;Roseau;67408;Americas;Caribbean;Dominican;754;1541666666;-6133333333;742
62;Dominican Republic;DOM;DO;Santo Domingo;10771504;Americas;Caribbean;Dominican;48730;1900000000;-7066666666;127828
64;Ecuador;ECU;EC;Quito;18103660;Americas;South America;Ecuadorian;283560;-200000000;-7750000000;125677
65;Egypt;EGY;EG;Cairo;107271260;Africa;Northern Africa;Egyptian;1001450;2700000000;3000000000;347342
66;El Salvador;SLV;SV;San Salvador;6029976;Americas;Central America;Salvadoran;21040;1383333333;-8891666666;36749
67;Equatorial Guinea;GNQ;GQ;Malabo;1668768;Africa;Middle Africa;Equatorial Guinean, Equatoguinean;28051;200000000;1000000000;12684
68;Eritrea;ERI;ER;Asmara;3607000;Africa;Eastern Africa;Eritrean;121320;1500000000;3900000000;
69;Estonia;EST;EE;Tallinn;1369995;Europe;Northern Europe;Estonian;45226;5900000000;2600000000;45004
212;Eswatini;SWZ;SZ;Mbabane;1235549;Africa;Southern Africa;Swazi;17363;-2650000000;3150000000;5483
70;Ethiopia;ETH;ET;Addis Ababa;111652998;Africa;Eastern Africa;Ethiopian;1127127;800000000;3800000000;117457
71;Falkland Islands;FLK;FK;Stanley;3662;Americas;South America;Falkland Island;12173;-5175000000;-5900000000;
72;Faroe Islands;FRO;FO;Torshavn;55146;Europe;Northern Europe;Faroese;1399;6200000000;-700000000;
73;Fiji Islands;FJI;FJ;Suva;900869;Oceania;Melanesia;Fijian;18270;-1800000000;17500000000;6257
74;Finland;FIN;FI;Helsinki;5645651;Europe;Northern Europe;Finnish;337030;6400000000;2600000000;303945
75;France;FRA;FR;Paris;68688000;Europe;Western Europe;French;547030;4600000000;200000000;3211292
76;French Guiana;GUF;GF;Cayenne;292354;Americas;South America;French Guianese;91000;400000000;-5300000000;
77;French Polynesia;PYF;PF;Papeete;279500;Oceania;Polynesia;French Polynesia;4167;-1500000000;-14000000000;
78;French Southern Territories;ATF;TF;Port-aux-Francais;;Africa;Southern Africa;French Southern Territories;7829;-4925000000;6916700000;
79;Gabon;GAB;GA;Libreville;2469296;Africa;Middle Africa;Gabonese;267667;-100000000;1175000000;20391
81;Georgia;GEO;GE;Tbilisi;3704500;Asia;Western Asia;Georgian;69700;4200000000;4350000000;35353
82;Germany;DEU;DE;Berlin;83517030;Europe;Western Europe;German;357021;5100000000;900000000;4744804
83;Ghana;GHA;GH;Accra;33742380;Africa;Western Africa;Ghanaian;239460;800000000;-200000000;88332
84;Gibraltar;GIB;GI;Gibraltar;38000;Europe;Southern Europe;Gibraltar;6;3613333333;-535000000;
85;Greece;GRC;GR;Athens;10400720;Europe;Southern Europe;Greek, Hellenic;131940;3900000000;2200000000;267348
86;Greenland;GRL;GL;Nuuk;56542;Americas;Northern America;Greenlandic;2166086;7200000000;-4000000000;
87;Grenada;GRD;GD;St. George's;109021;Americas;Caribbean;Grenadian;344;1211666666;-6166666666;1464
88;Guadeloupe;GLP;GP;Basse-Terre;373791;Americas;Caribbean;Guadeloupe;1780;1625000000;-6158333300;
89;Guam;GUM;GU;Hagatna;153836;Oceania;Micronesia;Guamanian, Guambat;549;1346666666;14478333333;
90;Guatemala;GTM;GT;Guatemala City;18079810;Americas;Central America;Guatemalan;108890;1550000000;-9025000000;121177
91;Guernsey;GGY;GG;St Peter Port;64781;Europe;Northern Europe;Channel Island;78;4946666666;-258333333;
92;Guinea;GIN;GN;Conakry;14363931;Africa;Western Africa;Guinean;245857;1100000000;-1000000000;30094
93;Guinea-Bissau;GNB;GW;Bissau;1781308;Africa;Western Africa;Bissau-Guinean;36120;1200000000;-1500000000;2274
94;Guyana;GUY;GY;Georgetown;772975;Americas;South America;Guyanese;214970;500000000;-5900000000;25822
95;Haiti;HTI;HT;Port-au-Prince;11867032;Americas;Caribbean;Haitian;27750;1900000000;-7241666666;33548
96;Heard Island and McDonald Islands;HMD;HM;;;;;Heard Island or McDonald Islands;412;-5310000000;7251666666;
97;Honduras;HND;HN;Tegucigalpa;9892632;Americas;Central America;Honduran;112090;1500000000;-8650000000;38172
98;Hong Kong S.A.R.;HKG;HK;Hong Kong;7527500;Asia;Eastern Asia;Hong Kong, Hong Kongese;1092;2225000000;11416666666;423999
99;Hungary;HUN;HU;Budapest;9539502;Europe;Eastern Europe;Hungarian, Magyar;93030;4700000000;2000000000;237070
100;Iceland;ISL;IS;Reykjavik;391810;Europe;Northern Europe;Icelandic;103000;6500000000;-1800000000;35309
101;India;IND;IN;New Delhi;1417492000;Asia;Southern Asia;Indian;3287590;2000000000;7700000000;4187017
102;Indonesia;IDN;ID;Jakarta;284438782;Asia;South-Eastern Asia;Indonesian;1919440;-500000000;12000000000;1429743
103;Iran;IRN;IR;Tehran;85961000;Asia;Southern Asia;Iranian, Persian;1648000;3200000000;5300000000;341013
104;Iraq;IRQ;IQ;Baghdad;46118793;Asia;Western Asia;Iraqi;437072;3300000000;4400000000;258020
105;Ireland;IRL;IE;Dublin;5458600;Europe;Northern Europe;Irish;70280;5300000000;-800000000;598840
106;Israel;ISR;IL;Jerusalem;10119400;Asia;Western Asia;Israeli;20770;3150000000;3475000000;583361
107;Italy;ITA;IT;Rome;58919230;Europe;Southern Europe;Italian;301230;4283333333;1283333333;2422855
54;Ivory Coast;CIV;CI;Yamoussoukro;29389150;Africa;Western Africa;Ivorian;322460;800000000;-500000000;94483
108;Jamaica;JAM;JM;Kingston;2825544;Americas;Caribbean;Jamaican;10991;1825000000;-7750000000;21411
109;Japan;JPN;JP;Tokyo;123300000;Asia;Eastern Asia;Japanese;377835;3600000000;13800000000;4186431
110;Jersey;JEY;JE;Saint Helier;103267;Europe;Northern Europe;Channel Island;116;4925000000;-216666666;
111;Jordan;JOR;JO;Amman;11734000;Asia;Western Asia;Jordanian;92300;3100000000;3600000000;56102
112;Kazakhstan;KAZ;KZ;Astana;20407844;Asia;Central Asia;Kazakhstani, Kazakh;2717300;4800000000;6800000000;300538
113;Kenya;KEN;KE;Nairobi;53330978;Africa;Eastern Africa;Kenyan;582650;100000000;3800000000;131673
114;Kiribati;KIR;KI;Tarawa;120740;Oceania;Micronesia;I-Kiribati;811;141666666;17300000000;312
248;Kosovo;XKX;XK;Pristina;1585566;Europe;Eastern Europe;Kosovar, Kosovan;10908;4256129090;2034030350;11274
117;Kuwait;KWT;KW;Kuwait City;4881254;Asia;Western Asia;Kuwaiti;17820;2950000000;4575000000;153101
118;Kyrgyzstan;KGZ;KG;Bishkek;7281800;Asia;Central Asia;Kyrgyzstani, Kyrgyz, Kirgiz, Kirghiz;198500;4100000000;7500000000;19849
119;Laos;LAO;LA;Vientiane;7647000;Asia;South-Eastern Asia;Lao, Laotian;236800;1800000000;10500000000;16322
120;Latvia;LVA;LV;Riga;1830400;Europe;Northern Europe;Latvian;64589;5700000000;2500000000;45535
121;Lebanon;LBN;LB;Beirut;5490000;Asia;Western Asia;Lebanese;10400;3383333333;3583333333;
122;Lesotho;LSO;LS;Maseru;2116427;Africa;Southern Africa;Basotho;30355;-2950000000;2850000000;2404
123;Liberia;LBR;LR;Monrovia;5248621;Africa;Western Africa;Liberian;111370;650000000;-950000000;5166
124;Libya;LBY;LY;Tripolis;7459000;Africa;Northern Africa;Libyan;1759540;2500000000;1700000000;47484
125;Liechtenstein;LIE;LI;Vaduz;40900;Europe;Western Europe;Liechtenstein;160;4726666666;953333333;
126;Lithuania;LTU;LT;Vilnius;2894548;Europe;Northern Europe;Lithuanian;65200;5600000000;2400000000;89192
127;Luxembourg;LUX;LU;Luxembourg;681973;Europe;Western Europe;Luxembourg, Luxembourgish;2586;4975000000;616666666;96613
128;Macau S.A.R.;MAC;MO;Macao;685900;Asia;Eastern Asia;Macanese, Chinese;254;2216666666;11355000000;53354
130;Madagascar;MDG;MG;Antananarivo;31727042;Africa;Eastern Africa;Malagasy;587040;-2000000000;4700000000;18708
131;Malawi;MWI;MW;Lilongwe;20734262;Africa;Eastern Africa;Malawian;118480;-1350000000;3400000000;13959
132;Malaysia;MYS;MY;Kuala Lumpur;34231700;Asia;South-Eastern Asia;Malaysian;329750;250000000;11250000000;444984
133;Maldives;MDV;MV;Male;515132;Asia;Southern Asia;Maldivian;300;325000000;7300000000;7480
134;Mali;MLI;ML;Bamako;22395489;Africa;Western Africa;Malian, Malinese;1240000;1700000000;-400000000;23208
135;Malta;MLT;MT;Valletta;574250;Europe;Southern Europe;Maltese;316;3583333333;1458333333;25750
136;Man (Isle of);IMN;IM;Douglas, Isle of Man;84530;Europe;Northern Europe;Manx;572;5425000000;-450000000;
137;Marshall Islands;MHL;MH;Majuro;42418;Oceania;Micronesia;Marshallese;181;900000000;16800000000;297
138;Martinique;MTQ;MQ;Fort-de-France;339897;Americas;Caribbean;Martiniquais, Martinican;1100;1466666700;-6100000000;
139;Mauritania;MRT;MR;Nouakchott;4927532;Africa;Western Africa;Mauritanian;1030700;2000000000;-1200000000;11470
140;Mauritius;MUS;MU;Port Louis;1243741;Africa;Eastern Africa;Mauritian;2040;-2028333333;5755000000;15495
141;Mayotte;MYT;YT;Mamoudzou;337011;Africa;Eastern Africa;Mahoran;374;-1283333333;4516666666;
142;Mexico;MEX;MX;Ciudad de México;130575786;Americas;Northern America;Mexican;1972550;2300000000;-10200000000;1692640
143;Micronesia;FSM;FM;Palikir;105564;Oceania;Micronesia;Micronesian;702;691666666;15825000000;500
144;Moldova;MDA;MD;Chisinau;2381300;Europe;Eastern Europe;Moldovan;33843;4700000000;2900000000;19462
145;Monaco;MCO;MC;Monaco;38423;Europe;Western Europe;Monegasque, Monacan;1;4373333333;740000000;
146;Mongolia;MNG;MN;Ulan Bator;3544835;Asia;Eastern Asia;Mongolian;1565000;4600000000;10500000000;25804
147;Montenegro;MNE;ME;Podgorica;623327;Europe;Southern Europe;Montenegrin;14026;4250000000;1930000000;8562
148;Montserrat;MSR;MS;Plymouth;4386;Americas;Caribbean;Montserratian;102;1675000000;-6220000000;
149;Morocco;MAR;MA;Rabat;36828330;Africa;Northern Africa;Moroccan;446550;3200000000;-500000000;165835
150;Mozambique;MOZ;MZ;Maputo;34090466;Africa;Eastern Africa;Mozambican;801590;-1825000000;3500000000;23771
151;Myanmar;MMR;MM;Nay Pyi Taw;51316756;Asia;South-Eastern Asia;Burmese;678500;2200000000;9800000000;64944
152;Namibia;NAM;NA;Windhoek;3022401;Africa;Southern Africa;Namibian;825418;-2200000000;1700000000;14214
153;Nauru;NRU;NR;Yaren;11680;Oceania;Micronesia;Nauruan;21;-53333333;16691666666;169
154;Nepal;NPL;NP;Kathmandu;29911840;Asia;Southern Asia;Nepali, Nepalese;140800;2800000000;8400000000;46080
156;Netherlands;NLD;NL;Amsterdam;18080943;Europe;Western Europe;Dutch, Netherlandic;41526;5250000000;575000000;1272011
157;New Caledonia;NCL;NC;Noumea;264596;Oceania;Melanesia;New Caledonian;19060;-2150000000;16550000000;
158;New Zealand;NZL;NZ;Wellington;5324700;Oceania;Australia and New Zealand;New Zealand, NZ;268680;-4100000000;17400000000;248666
159;Nicaragua;NIC;NI;Managua;6803886;Americas;Central America;Nicaraguan;129494;1300000000;-8500000000;21155
160;Niger;NER;NE;Niamey;26312034;Africa;Western Africa;Nigerien;1267000;1600000000;800000000;21874
161;Nigeria;NGA;NG;Abuja;223800000;Africa;Western Africa;Nigerian;923768;1000000000;800000000;188271
162;Niue;NIU;NU;Alofi;1681;Oceania;Polynesia;Niuean;260;-1903333333;-16986666666;
163;Norfolk Island;NFK;NF;Kingston;2188;Oceania;Australia and New Zealand;Norfolk Island;34;-2903333333;16795000000;
115;North Korea;PRK;KP;Pyongyang;25950000;Asia;Eastern Asia;North Korean;120540;4000000000;12700000000;
129;North Macedonia;MKD;MK;Skopje;1826247;Europe;Southern Europe;Macedonian;25333;4183333333;2200000000;17885
164;Northern Mariana Islands;MNP;MP;Saipan;47329;Oceania;Micronesia;Northern Marianan;477;1520000000;14575000000;
165;Norway;NOR;NO;Oslo;5606944;Europe;Northern Europe;Norwegian;324220;6200000000;1000000000;504276
166;Oman;OMN;OM;Muscat;5306976;Asia;Western Asia;Omani;212460;2100000000;5700000000;104351
167;Pakistan;PAK;PK;Islamabad;241499431;Asia;Southern Asia;Pakistani;803940;3000000000;7000000000;
168;Palau;PLW;PW;Melekeok;16733;Oceania;Micronesia;Palauan;458;750000000;13450000000;333
169;Palestinian Territory Occupied;PSE;PS;East Jerusalem;5483450;Asia;Western Asia;Palestinian;5970;3190000000;3520000000;
170;Panama;PAN;PA;Panama City;4064780;Americas;Central America;Panamanian;78200;900000000;-8000000000;91675
171;Papua New Guinea;PNG;PG;Port Moresby;11781559;Oceania;Melanesia;Papua New Guinean, Papuan;462840;-600000000;14700000000;32835
172;Paraguay;PRY;PY;Asunción;6109644;Americas;South America;Paraguayan;406750;-2300000000;-5800000000;45465
173;Peru;PER;PE;Lima;34350244;Americas;South America;Peruvian;1285220;-1000000000;-7600000000;303293
174;Philippines;PHL;PH;Manila;114123600;Asia;South-Eastern Asia;Philippine, Filipino;300000;1300000000;12200000000;497495
175;Pitcairn Island;PCN;PN;Adamstown;35;Oceania;Polynesia;Pitcairn Island;47;-2506666666;-13010000000;
176;Poland;POL;PL;Warsaw;37401000;Europe;Eastern Europe;Polish;312685;5200000000;2000000000;979960
177;Portugal;PRT;PT;Lisbon;10749635;Europe;Southern Europe;Portuguese;92391;3950000000;-800000000;321440
178;Puerto Rico;PRI;PR;San Juan;3203295;Americas;Caribbean;Puerto Rican;9104;1825000000;-6650000000;122522
179;Qatar;QAT;QA;Doha;3173024;Asia;Western Asia;Qatari;11437;2550000000;5125000000;222776
180;Reunion;REU;RE;Saint-Denis;896175;Africa;Eastern Africa;Reunionese, Reunionnais;2517;-2115000000;5550000000;
181;Romania;ROU;RO;Bucharest;19036031;Europe;Eastern Europe;Romanian;237500;4600000000;2500000000;403395
182;Russia;RUS;RU;Moscow;146028325;Europe;Eastern Europe;Russian;17100000;6000000000;10000000000;2076396
183;Rwanda;RWA;RW;Kigali;14104969;Africa;Eastern Africa;Rwandan;26338;-200000000;3000000000;14771
184;Saint Helena;SHN;SH;Jamestown;5651;Africa;Western Africa;Saint Helenian;410;-1595000000;-570000000;
185;Saint Kitts and Nevis;KNA;KN;Basseterre;51320;Americas;Caribbean;Kittitian or Nevisian;261;1733333333;-6275000000;1129
186;Saint Lucia;LCA;LC;Castries;184100;Americas;Caribbean;Saint Lucian;616;1388333333;-6096666666;2632
187;Saint Pierre and Miquelon;SPM;PM;Saint-Pierre;5819;Americas;Northern America;Saint-Pierrais or Miquelonnais;242;4683333333;-5633333333;
188;Saint Vincent and the Grenadines;VCT;VC;Kingstown;110872;Americas;Caribbean;Saint Vincentian, Vincentian;389;1325000000;-6120000000;1242
189;Saint-Barthelemy;BLM;BL;Gustavia;10562;Americas;Caribbean;Barthelemois;21;1850000000;-6341666666;
190;Saint-Martin (French part);MAF;MF;Marigot;31496;Americas;Caribbean;Saint-Martinoise;53;1808333333;-6395000000;
191;Samoa;WSM;WS;Apia;205557;Oceania;Polynesia;Samoan;2944;-1358333333;-17233333333;1160
192;San Marino;SMR;SM;San Marino;34132;Europe;Southern Europe;Sammarinese;61;4376666666;1241666666;2047
193;Sao Tome and Principe;STP;ST;Sao Tome;209607;Africa;Middle Africa;Sao Tomean;1001;100000000;700000000;864
194;Saudi Arabia;SAU;SA;Riyadh;35300280;Asia;Western Asia;Saudi, Saudi Arabian;1960582;2500000000;4500000000;1083749
195;Senegal;SEN;SN;Dakar;18593258;Africa;Western Africa;Senegalese;196190;1400000000;-1400000000;34728
196;Serbia;SRB;RS;Belgrade;6567783;Europe;Southern Europe;Serbian;88361;4400000000;2100000000;92549
197;Seychelles;SYC;SC;Victoria;122729;Africa;Eastern Africa;Seychellois;455;-465749770;5545401460;2198
198;Sierra Leone;SLE;SL;Freetown;9077691;Africa;Western Africa;Sierra Leonean;71740;850000000;-1150000000;8386
199;Singapore;SGP;SG;Singapur;6036900;Asia;South-Eastern Asia;Singaporean;692;136666666;10380000000;564774
250;Sint Maarten (Dutch part);SXM;SX;Philipsburg;41349;Americas;Caribbean;Sint Maarten;21;1803333300;-6305000000;
200;Slovakia;SVK;SK;Bratislava;5413813;Europe;Eastern Europe;Slovak;48845;4866666666;1950000000;147031
201;Slovenia;SVN;SI;Ljubljana;2130638;Europe;Southern Europe;Slovenian, Slovene;20273;4611666666;1481666666;75224
202;Solomon Islands;SLB;SB;Honiara;750325;Oceania;Melanesia;Solomon Island;28450;-800000000;15900000000;1898
203;Somalia;SOM;SO;Mogadishu;19655000;Africa;Eastern Africa;Somali, Somalian;637657;1000000000;4900000000;12994
204;South Africa;ZAF;ZA;Pretoria;63100945;Africa;Southern Africa;South African;1219912;-2900000000;2400000000;410338
205;South Georgia;SGS;GS;Grytviken;;Americas;South America;South Georgia or South Sandwich Islands;3903;-5450000000;-3700000000;
116;South Korea;KOR;KR;Seoul;51159889;Asia;Eastern Asia;South Korean;98480;3700000000;12750000000;1790322
206;South Sudan;SSD;SS;Juba;15786898;Africa;Middle Africa;South Sudanese;644329;700000000;3000000000;3998
207;Spain;ESP;ES;Madrid;49315949;Europe;Southern Europe;Spanish;504782;4000000000;-400000000;1799511
208;Sri Lanka;LKA;LK;Colombo;21763170;Asia;Southern Asia;Sri Lankan;65610;700000000;8100000000;
209;Sudan;SDN;SD;Khartoum;51662000;Africa;Northern Africa;Sudanese;1861484;1500000000;3000000000;31506
210;Suriname;SUR;SR;Paramaribo;616500;Americas;South America;Surinamese;163270;400000000;-5600000000;4506
211;Svalbard and Jan Mayen Islands;SJM;SJ;Longyearbyen;;Europe;Northern Europe;Svalbard;62049;7800000000;2000000000;
213;Sweden;SWE;SE;Stockholm;10596652;Europe;Northern Europe;Swedish;449964;6200000000;1500000000;620297
214;Switzerland;CHE;CH;Bern;9082848;Europe;Western Europe;Swiss;41290;4700000000;800000000;947125
215;Syria;SYR;SY;Damascus;25620000;Asia;Western Asia;Syrian;185180;3500000000;3800000000;
216;Taiwan;TWN;TW;Taipei;23337936;Asia;Eastern Asia;Chinese, Taiwanese;35980;2350000000;12100000000;804889
217;Tajikistan;TJK;TJ;Dushanbe;10499000;Asia;Central Asia;Tajikistani;143100;3900000000;7100000000;14836
218;Tanzania;TZA;TZ;Dodoma;68153004;Africa;Eastern Africa;Tanzanian;945087;-600000000;3500000000;85977
219;Thailand;THA;TH;Bangkok;65859640;Asia;South-Eastern Asia;Thai;514000;1500000000;10000000000;546224
17;The Bahamas;BHS;BS;Nassau;398165;Americas;Caribbean;Bahamian;13940;2425000000;-7600000000;
80;The Gambia;GMB;GM;Banjul;2422712;Africa;Western Africa;Gambian;11300;1346666666;-1656666666;2771
63;Timor-Leste;TLS;TL;Dili;1391221;Asia;South-Eastern Asia;Timorese;15007;-883333333;12591666666;2115
220;Togo;TGO;TG;Lome;8095498;Africa;Western Africa;Togolese;56785;800000000;116666666;10023
221;Tokelau;TKL;TK;;1647;Oceania;Polynesia;Tokelauan;10;-900000000;-17200000000;
222;Tonga;TON;TO;Nuku'alofa;100179;Oceania;Polynesia;Tongan;748;-2000000000;-17500000000;568
223;Trinidad and Tobago;TTO;TT;Port of Spain;1368333;Americas;Caribbean;Trinidadian or Tobagonian;5128;1100000000;-6100000000;26467
224;Tunisia;TUN;TN;Tunis;11972169;Africa;Northern Africa;Tunisian;163610;3400000000;900000000;56291
225;Turkey;TUR;TR;Ankara;85664944;Asia;Western Asia;Turkish;780580;3900000000;3500000000;1437406
226;Turkmenistan;TKM;TM;Ashgabat;7057841;Asia;Central Asia;Turkmen;488100;4000000000;6000000000;89054
227;Turks and Caicos Islands;TCA;TC;Cockburn Town;50894;Americas;Caribbean;Turks and Caicos Island;430;2175000000;-7158333333;
228;Tuvalu;TUV;TV;Funafuti;10643;Oceania;Polynesia;Tuvaluan;26;-800000000;17800000000;65
229;Uganda;UGA;UG;Kampala;45905417;Africa;Eastern Africa;Ugandan;236040;100000000;3200000000;64277
230;Ukraine;UKR;UA;Kyiv;32862000;Europe;Eastern Europe;Ukrainian;603700;4900000000;3200000000;205742
231;United Arab Emirates;ARE;AE;Abu Dhabi;10678556;Asia;Western Asia;Emirati, Emirian, Emiri;82880;2400000000;5400000000;548598
232;United Kingdom;GBR;GB;London;68265209;Europe;Northern Europe;British, UK;244820;5400000000;-200000000;3839180
233;United States;USA;US;Washington;340110988;Americas;Northern America;American;9629091;3800000000;-9700000000;30507217
234;United States Minor Outlying Islands;UMI;UM;;;Americas;Northern America;American;0;0;0;
235;Uruguay;URY;UY;Montevideo;3499451;Americas;South America;Uruguayan;176220;-3300000000;-5600000000;79731
236;Uzbekistan;UZB;UZ;Tashkent;37859698;Asia;Central Asia;Uzbekistani, Uzbek;447400;4100000000;6400000000;132484
237;Vanuatu;VUT;VU;Port Vila;321409;Oceania;Melanesia;Ni-Vanuatu, Vanuatuan;12200;-1600000000;16700000000;1267
238;Vatican City State (Holy See);VAT;VA;Vatican City;882;Europe;Southern Europe;Vatican;0;4190000000;1245000000;
239;Venezuela;VEN;VE;Caracas;28517000;Americas;South America;Venezuelan;912050;800000000;-6600000000;108511
240;Vietnam;VNM;VN;Hanoi;101343800;Asia;South-Eastern Asia;Vietnamese;329560;1616666666;10783333333;490970
241;Virgin Islands (British);VGB;VG;Road Town;39471;Americas;Caribbean;British Virgin Island;153;1843138300;-6462305000;
242;Virgin Islands (US);VIR;VI;Charlotte Amalie;87146;Americas;Caribbean;U.S. Virgin Island;352;1834000000;-6493000000;
243;Wallis and Futuna Islands;WLF;WF;Mata Utu;11620;Oceania;Polynesia;Wallis and Futuna, Wallisian or Futunan;274;-1330000000;-17620000000;
244;Western Sahara;ESH;EH;El-Aaiun;600904;Africa;Northern Africa;Sahrawi, Sahrawian, Sahraouian;266000;2450000000;-1300000000;
245;Yemen;YEM;YE;Sanaa;32684503;Asia;Western Asia;Yemeni;527970;1500000000;4800000000;17401
246;Zambia;ZMB;ZM;Lusaka;19693423;Africa;Southern Africa;Zambian;752614;-1500000000;3000000000;28910
247;Zimbabwe;ZWE;ZW;Harare;17073087;Africa;Eastern Africa;Zimbabwean;390580;-2000000000;3000000000;38172
